{
    "type":"crafting_shaped",
    "pattern":[
        "111",
        "222",
        "323"
    ],
    "key":{
        "1":{
            "item":"minecraft:wither_skeleton_skull"
        },
        "2":{
            "item":"minecraft:soul_sand"
        },
        "3":{
            "item":"minecraft:netherite_sword",
            
                "minecraft:enchantments":[
                    {
                        "levels":{
                            "minecraft:smite":5
                        }
                    }
                ]
            
        }
    },
    "result":{
        "id":"minecraft:nether_star"
    }
}